01_150912025921_TP_V.png,1,a
01AKANE072160504_TP_V.png,2,b
02akanesaya0I9A3747_TP_V.png,3,c
02glbori158A9416_TP_V.png,4,a
03akanesaya501IMGL3293_TP_V.png,5,b
03IMGL5304_TP_V4.png,6,c
04GSAYAIMG_4697_TP_V.png,7,a
04kawamura1029IMGL4385_TP_V4.png,8,b
05IMGL8024_TP_V.png,9,c
05kawamurassIMGL3813_TP_V.png,10,a
06iPhone8IMGL8198_TP_V.png,11,b
06smIMGL4090_TP_V.png,12,c
07SAYA0I9A8598_TP_V.png,13,a
07smIMGL4174_TP_V.png,14,b
08saya0I9A4189072170014_TP_V.png,15,c
08tsj86_cafedenojk20150208114118_TP_V4.png,16,a
09SAYA072160011_TP_V.png,17,b
09TSJ86_date20150208082618_TP_V4.png,18,c
10SAYA072160333_TP_V.png,19,a
10YK0I9A6188_TP_V.png,20,b
